<?xml version="1.0" encoding="UTF-8"?>
<?xml-stylesheet type="text/xsl" href="product.xsl"?>
<Products>
    <Product><Name>Laptop</Name><Category>Electronics</Category><Price>75000</Price></Product>
    <Product><Name>Smartphone</Name><Category>Electronics</Category><Price>35000</Price></Product>
    <Product><Name>Office Chair</Name><Category>Furniture</Category><Price>8000</Price></Product>
    <Product><Name>Water Bottle</Name><Category>Accessories</Category><Price>450</Price></Product>
</Products>